{"cameraMode":{"drawMode":0,"name":"Shaded","section":"Shading Mode"},"sceneLighting":true,"audioPlay":false,"sceneViewState":{"showFog":true,"showMaterialUpdate":true,"showSkybox":true,"showFlares":true,"showImageEffects":true,"showParticleSystems":true},"in2DMode":false,"pivot":{"x":-10.909710884094239,"y":-10.587837219238282,"z":2.5701613426208498},"rotation":{"x":0.003267706837505102,"y":0.9942895174026489,"z":-0.10177385807037354,"w":0.03193379566073418},"size":163.17047119140626,"orthographic":false}