{"cameraMode":{"drawMode":0,"name":"Shaded","section":"Shading Mode"},"sceneLighting":true,"audioPlay":false,"sceneViewState":{"showFog":true,"showMaterialUpdate":false,"showSkybox":true,"showFlares":true,"showImageEffects":true,"showParticleSystems":true},"in2DMode":false,"pivot":{"x":-10.698909759521485,"y":51.333595275878909,"z":38.18523406982422},"rotation":{"x":-0.0491584911942482,"y":-0.02247651107609272,"z":-0.0011025677667930723,"w":0.9985477328300476},"size":44.08523941040039,"orthographic":false}